{
    "atributos": [
        {
            "descripcion": "Descripción de Atributo 1",
            "informacionAdicional": "Información",
            "tipoDeDato": "String",
            "recursoRelacionado": "Recurso",
            "nombreDeAtributo": "Atributo_1"
        },
        {
            "descripcion": "Descripción de Atributo 2",
            "informacionAdicional": "Información",
            "tipoDeDato": "Numeric",
            "recursoRelacionado": "Recurso",
            "nombreDeAtributo": "Atributo_2"
        }
    ],
    "titulo": "Recursos de Metadatos",
    "descripcion": "Descripcion Metadatos"
}
